doi,publication_year,title,journal,authors,metadata_source
10.1134/S1064229313080085,2013,Soils and the soil cover of the taiga zone in the northern Urals (upper reaches of the Pechora River),Eurasian Soil Science,Semikolennykh A. A.; Bovkunov A. D.; Aleinikov A. A.,Crossref REST API
10.1134/S1064229314030028,2014,Transformation of microbial cenoses in soils of light coniferous forests caused by cuttings and fires in the Lower Angara River basin,Eurasian Soil Science,Bogorodskaya A. V.; Kukavskaya E. A.; Ivanova G. A.,Crossref REST API
10.1134/S1064229314090063,2014,Vertisols and vertic soils of the middle and lower Volga regions,Eurasian Soil Science,Khitrov N. B.; Rogovneva L. V.,Crossref REST API
10.1134/S1064229315020106,2015,Specific features of the genesis of automorphic soils of the northern forest-tundra (southeast of the Bol’shezemel’skaya tundra),Eurasian Soil Science,Rusanova G. V.; Deneva S. V.; Shakhtarova O. V.,Crossref REST API
10.1134/S1064229315060046,2015,Soils of the southwestern part of the Dzhulukul Depression in the Altai Republic,Eurasian Soil Science,Gopp N. V.,Crossref REST API
10.1134/S1064229315060071,2015,Secondary successions of biota in oil-polluted peat soil upon different biological remediation methods,Eurasian Soil Science,Melekhina E. N.; Markarova M. Yu.; Shchemelinina T. N.; Anchugova E. M.; Kanev V. A.,Crossref REST API
10.1134/S1064229315070042,2015,The geography of Vertisols and Vertic soils in the Kuban-Azov Lowland,Eurasian Soil Science,Khitrov N. B.; Vlasenko V. P.; Rukhovich D. I.; Bryzzhev A. V.; Kalinina N. V.; Rogovneva L. V.,Crossref REST API
10.1134/S1064229315100038,2015,Temperature regimes of northern taiga soils in the isolated permafrost zone of Western Siberia,Eurasian Soil Science,Goncharova O. Yu.; Matyshak G. V.; Bobrik A. A.; Moskalenko N. G.; Ponomareva O. E.,Crossref REST API
10.1134/S1064229315110101,2015,Distribution of oribatid mites (Acari: Oribatida) along an altitudinal profile of Mount Vud’yavrchorr (the Khibiny Mountains),Eurasian Soil Science,Leonov V. D.; Rakhleeva A. A.; Sidorchuk E. A.,Crossref REST API
10.1134/S1064229316040116,2016,Experimental studies and physically substantiated model of carbon dioxide emission from the exposed cultural layer of Velikii Novgorod,Eurasian Soil Science,Smagin A. V.; Dolgikh A. V.; Karelin D. V.,Crossref REST API
10.1134/S1064229316100033,2016,Thermal properties of typical chernozems in Kursk Oblast,Eurasian Soil Science,Arkhangel’skaya T. A.; Velichenko M. V.; Tikhonravova P. I.,Crossref REST API
10.1134/S1064229316110053,2016,Factors and mechanisms of soil salinization under vineyards of southern Taman,Eurasian Soil Science,Khitrov N. B.; Chernikov E. A.; Popova V. P.; Fomenko T. G.,Crossref REST API
10.1134/S1064229316120097,2016,"Morphology, properties, and regimes of migrational–mycelial agrochernozems with different ground moistening (Belgorod oblast)",Eurasian Soil Science,Lebedeva I. I.; Bazykina G. S.; Grebennikov A. M.; Smirnova L. G.; Tyutyunov S. I.,Crossref REST API
10.1134/S1064229317060035,2017,Salt-affected soils of the Barguzin Depression,Eurasian Soil Science,Chernousenko G. I.; Pankova E. I.; Kalinina N. V.; Ubugunova V. I.; Rukhovich D. I.; Ubugunov V. L.; Tsyrempilov E. G.,Crossref REST API
10.1134/S1064229317110047,2017,Soil salinization in different natural zones of intermontane depressions in Tuva,Eurasian Soil Science,Chernousenko G. I.; Kurbatskaya S. S.,Crossref REST API
10.1134/S1064229317110102,2017,Acidity in organic horizons of arctic soils on the Barents Sea coast,Eurasian Soil Science,Shamrikova E. V.; Deneva S. V.; Kubik O. S.; Punegov V. V.; Kyz”yurova E. V.; Bobrova Yu. I.; Zueva O. M.,Crossref REST API
10.1134/S1064229317120043,2017,"Radioactive Contamination of Alluvial Soils in the Taiga Landscapes of Yakutia with 137Cs, 226Ra, and 238U",Eurasian Soil Science,Chevychelov A. P.; Sobakin P. I.,Crossref REST API
10.1134/S1064229318020023,2018,Postpyrogenic Polycyclic Soils in the Forests of Yakutia and Transbaikal region,Eurasian Soil Science,Chevychelov A. P.; Shakhmatova E. Y.,Crossref REST API
10.1134/S1064229318020059,2018,Soils of the Southwestern Part of the Pacific Coast of Russia,Eurasian Soil Science,Kostenkov N. M.; Zharikova E. A.,Crossref REST API
10.1134/S1064229318020102,2018,The Impact of Multiple Freeze–Thaw Cycles on the Microstructure of Aggregates from a Soddy-Podzolic Soil: A Microtomographic Analysis,Eurasian Soil Science,Skvortsova E. B.; Shein E. V.; Abrosimov K. N.; Romanenko K. A.; Yudina A. V.; Klyueva V. V.; Khaidapova D. D.; Rogov V. V.,Crossref REST API
10.1134/S106422931802014X,2018,Effect of Contrasting Trophic Conditions on the Priming Effect in Gray Forest Soils,Eurasian Soil Science,Zhuravleva A. I.; Alifanov V. M.; Blagodatskaya E. V.,Crossref REST API
10.1134/S1064229318030109,2018,The Influence of Edaphic and Orographic Factors on Algal Diversity in Biological Soil Crusts on Bare Spots in the Polar and Subpolar Urals,Eurasian Soil Science,Patova E. N.; Novakovskaya I. V.; Deneva S. V.,Crossref REST API
10.1134/S1064229318040129,2018,Soils and Vegetation of the Khaipudyr Bay Coast of the Barents Sea,Eurasian Soil Science,Shamrikova E. V.; Deneva S. V.; Panyukov A. N.; Kubik O. S.,Crossref REST API
10.1134/S1064229318070050,2018,"Morphology, Radiocarbon Age, and Genesis of Vertisols of the Eisk Peninsula (the Kuban–Azov Lowland)",Eurasian Soil Science,Khitrov N. B.; Zazovskaya E. P.; Rogovneva L. V.,Crossref REST API
10.1134/S1064229318120025,2018,Eco-Geochemical Assessment of the Content of Pollutants in Hummocky Bogs of the Kola Peninsula,Eurasian Soil Science,Barkan V. Sh.; Lyanguzova I. V.,Crossref REST API
10.1134/S1064229318120049,2018,"Contemporary Trend in Erosion of Arable Ordinary Chernozems (Haplic Chernozems (Pachic)) within the Volga Upland (Saratov Oblast, Russia)",Eurasian Soil Science,Gusarov A. V.; Sharifullin A. G.; Golosov V. N.,Crossref REST API
10.1134/S1064229319020121,2019,Influence of Water Content and Temperature on the Dielectric and Radio-Emitting Properties of the Salt Crust of Puffy Solonchak,Eurasian Soil Science,Romanov A. N.,Crossref REST API
10.1134/S1064229319020145,2019,"Soil Formation in the Taiga–Steppe Ecotone of the Selenga Mountains, Western Transbaikal Region",Eurasian Soil Science,Sympilova D. P.; Badmaev N. B.,Crossref REST API
10.1134/S1064229319030037,2019,"Particle-Size, Microaggregate-Size, and Aggregate-Size Distributions in Humus Horizons of the Zonal Sequence of Soils in European Russia",Eurasian Soil Science,Filippova O. I.; Kholodov V. A.; Safronova N. A.; Yudina A. V.; Kulikova N. A.,Crossref REST API
10.1134/S1064229319030098,2019,Spatial Patterns of Carbon and Nitrogen in Soils of the Barents Sea Coastal Area (Khaypudyrskaya Bay),Eurasian Soil Science,Shamrikova E. V.; Deneva S. V.; Kubik O. S.,Crossref REST API
10.1134/S1064229319040082,2019,Post-pyrogenic Evolution of Sandy Soils under Pine Forests in the Baikal Region,Eurasian Soil Science,Gyninova A. B.; Dyrzhinov Zh. D.; Kulikov A. I.; Gyninova B. D.; Gonchikov B. N.,Crossref REST API
10.1134/S1064229319060127,2019,Characteristics of the Microarthropod Communities in Postagrogenic and Tundra Soils of the European Northeast of Russia,Eurasian Soil Science,Taskaeva A. A.; Mandrik E. A.; Konakova T. N.; Kudrin A. A.,Crossref REST API
10.1134/S1064229319070147,2019,Deconvolution of Differential Particle-Size Distribution Curves for Vertisols,Eurasian Soil Science,Vodyanitskii Yu. N.; Milanovskiy E. Yu.; Morgun E. G.; Savichev A. T.,Crossref REST API
10.1134/S1064229319080076,2019,Formal Criteria for the Humus Status of Mountainous Peat Soils in Altitudinal Zones,Eurasian Soil Science,Efremova T. T.; Efremov S. P.; Melent’eva N. V.; Avrova A. F.,Crossref REST API
10.1134/S1064229319090023,2019,Soils of Cryogenic Landforms in the South of the Vitim Plateau: Distribution and Role in the Allocation of Soil Carbon Pools,Eurasian Soil Science,Chimitdorzhieva G. D.; Chimitdorzhieva E. O.; Milkheev E. Yu.; Tsybenov Yu. B.; Dmitriev A. V.; Chimitdorzhiev T. N.; Egorova R. A.; Soldatova Z. A.; Andreeva D. B.; Korsunova Ts. D.-Ts.; Davydova T. V.,Crossref REST API
10.1134/S1064229319100132,2019,Antagonism and Resistance to Antibiotics of Actinomycetes from Soils of Three Specially Protected Natural Territories,Eurasian Soil Science,Shirokikh I. G.; Shirokikh A. A.,Crossref REST API
10.1134/S1064229319110073,2019,Seasonal Dynamics of Microbial Biomass in Soddy-Podzolic Soil,Eurasian Soil Science,Nikitin D. A.; Chernov T. V.; Zhelezova A. D.; Tkhakakhova A. K.; Nikitina S. A.; Semenov M. V.; Xenofontova N. A.; Kutovaya O. V.,Crossref REST API
10.1134/S1064229319110103,2019,"Composition of the Water-Soluble Soil Fraction on the Barents Sea Coast: Organic Carbon and Nitrogen, Low-Molecular Weight Components",Eurasian Soil Science,Shamrikova E. V.; Kubik O. S.; Deneva S. V.; Punegov V. V.,Crossref REST API
10.1134/S106422931912007X,2019,"Morphology of Soils in the Impact Zone of Kuchiger Hot Springs, the Barguzin Depression",Eurasian Soil Science,Khitrov N. B.; Ubugunov V. L.; Ubugunova V. I.; Rupyshev Yu. A.; Ayushina T. A.; Zhambalova A. D.; Tsyrempilov E. G.; Paramonova A. E.; Nasatueva Ts. N.,Crossref REST API
10.1134/S1064229319120147,2019,Morphogenetic Features of Soils under Mountainous Larch Forests and Woodlands in the Subpolar Urals,Eurasian Soil Science,Zhangurov E. V.; Startsev V. V.; Dubrovskiy Ya. A.; Degteva S. V.; Dumov A. A.,Crossref REST API
10.1134/S1064229320020088,2020,Soil and Environmental Conditions at the Oroshaemoe Neolithic–Eneolithic Archeological Site in the Lower Volga Region,Eurasian Soil Science,Ovchinnikov A. Yu.; Vybornov A. A.; Kulkova M. A.; Zanina O. G.; Lopatina D. A.; Doga N. S.; Yudin A. I.; Alifanov V. M.,Crossref REST API
10.1134/S1064229320020143,2020,Carbon Isotope Signatures and Polyarenes in the Pedogenic Material of Ice Wedges of the Batagay Yedoma (Yakutia),Eurasian Soil Science,Vasil’chuk Yu. K.; Belik A. D.; Budantseva N. A.; Gennadiev A. N.; Vasil’chuk J. Yu.,Crossref REST API
10.1134/S1064229320030084,2020,Soil-Archaeological Study of the Votikeevo Medieval Archeological Site in the Northern Forest-Steppe Zone of the Southern Cis-Ural Region,Eurasian Soil Science,Suleymanov R. R.; Ovsyannikov V. V.; Kolonskih A. G.; Abakumov E. V.; Kungurtsev A. Ya.; Suleymanov A. R.,Crossref REST API
10.1134/S1064229320040110,2020,"Microbial Biomass, Carbon Stocks, and CO2 Emission in Soils of Franz Josef Land: High-Arctic Tundra or Polar Deserts?",Eurasian Soil Science,Nikitin D. A.; Lysak L. V.; Mergelov N. S.; Dolgikh A. V.; Zazovskaya E. P.; Goryachkin S. V.,Crossref REST API
10.1134/S1064229320050063,2020,The Structure of Microbial Communities in Soils of Noncryogenic Regressive Bog,Eurasian Soil Science,Golovchenko A. V.; Semenova T. A.; Anisimova O. V.; Dobrovolskaya T. G.; Glukhova T. V.; Stepanov A. L.,Crossref REST API
10.1134/S1064229320050105,2020,Soils of the Verkhoyansk Range in the Area of Arkachan Plateau,Eurasian Soil Science,Okoneshnikova M. V.; Ivanova A. Z.; Desyatkin R. V.,Crossref REST API
10.1134/S1064229320050166,2020,Changes in Soil Nematode Communities during Postagrogenic Transformation of Peat Soils and Vegetation,Eurasian Soil Science,Yurkevich M. G.; Sushchuk A. A.; Matveeva E. M.; Kalinkina D. S.,Crossref REST API
10.1134/S1064229320060083,2020,Changes in the Soil-Plant Cover of the High Arctic of Eastern Siberia,Eurasian Soil Science,Mikhailov I. S.,Crossref REST API
10.1134/S1064229320070029,2020,Changes in Physical Properties of Chernozems under the Impact of No-Till Technology,Eurasian Soil Science,Belobrov V. P.; Yudin S. S.; Yaroslavtseva N. V.; Yudina A. V.; Dridiger V. K.; Stukalov R. S.; Kluev N. N.; Zamotaev I. V.; Ermolaev N. R.; Ivanov A. L.; Kholodov V. A.,Crossref REST API
10.1134/S1064229320070054,2020,Postagrogenic Changes in the Enzyme Activity and Organic Carbon Content in Chernozem during the First Three Years of Fallow Regime,Eurasian Soil Science,Kazeev K. Sh.; Trushkov A. V.; Odabashyan M. Yu.; Kolesnikov S. I.,Crossref REST API
10.1134/S1064229320070133,2020,Nitrogen Compounds in the Soil of the Continental Margins of the European Russian Arctic,Eurasian Soil Science,Shamrikova E. V.; Deneva S. V.; Kubik O. S.; Panjukov A. N.,Crossref REST API
10.1134/S1064229320070145,2020,Formation of Vesicular Pores in Aggregates from the Eluvial Horizon of Albic Glossic Retisol during Freeze-Thaw Cycles,Eurasian Soil Science,Skvortsova E. B.; Shein E. V.; Romanenko K. A.; Abrosimov K. N.,Crossref REST API
10.1134/S1064229320080025,2020,Changes in the Carbonate Status of Chernozems of Azov Region upon Their Conversion from Cropland to Long-Term Fallow,Eurasian Soil Science,Bulysheva A. M.; Khokhlova O. S.; Bakunovich N. O.; Rusakov V. A.; Myakshina T. N.; Ryumin A. G.,Crossref REST API
10.1134/S1064229320080128,2020,Spatial Distribution of Organic Matter and Nitrogen in the Entic Podzols of the Prioksko-Terrasnyi Reserve and Its Relationship with the Structure of Forest Phytocenoses,Eurasian Soil Science,Priputina I. V.; Frolova G. G.; Shanin V. N.; Myakshina T. N.; Grabarnik P. Ya.,Crossref REST API
10.1134/S1064229320080165,2020,Correlation between Color of Subsurface Soil Horizons and Ground-Penetrating Radar Data,Eurasian Soil Science,Voronin A. Ya.; Savin I. Yu.,Crossref REST API
10.1134/S106422932009015X,2020,"Soils and the Soil Cover of Mountainous Tundra Landscapes on Calcareous Rocks in the Polar Urals: Diversity, Taxonomy, and Nitrogen and Carbon Patterns",Eurasian Soil Science,Shamrikova E. V.; Zhangurov E. V.; Kulyugina E. E.; Korolev M. A.; Kubik O. S.; Tumanova E. A.,Crossref REST API
10.1134/S1064229320090161,2020,Influence of Forest Shelterbelts on Local Pedodiversity (Belgorod Oblast),Eurasian Soil Science,Smirnova M. A.; Gennadiev A. N.; Chendev Yu. G.; Kovach R. G.,Crossref REST API
10.1134/S1064229320100166,2020,Free Iron and Iron-Reducing Microorganisms in Permafrost and Permafrost-Affected Soils of Northeastern Siberia,Eurasian Soil Science,Rivkina E. M.; Fedorov-Davydov D. G.; Zakharyuk A. G.; Shcherbakova V. A.; Vishnivetskaya T. A.,Crossref REST API
10.1134/S1064229320120054,2020,Modern Hydromorphism of Solonetzes in the Forest-Steppe Zone of Western Siberia,Eurasian Soil Science,Elizarov N. V.; Popov V. V.; Semendyaeva N. V.,Crossref REST API
10.1134/S106422932012008X,2020,Assessment of the Impact of No-Till and Conventional Tillage Technologies on the Microbiome of Southern Agrochernozems,Eurasian Soil Science,Nikitin D. A.; Ivanova E. A.; Zhelezova A. D.; Semenov M. V.; Gadzhiumarov R. G.; Tkhakakhova A. K.; Chernov T. I.; Ksenofontova N. A.; Kutovaya O. V.,Crossref REST API
10.1134/S1064229321020071,2021,"Influence of No-Till System on the Distribution of Organic Carbon and Nitrogen by Aggregate Size Fractions in Protocalcic, Endocalcic, and Pantocalcic Chernozems",Eurasian Soil Science,Kholodov V. A.; Belobrov V. P.; Yaroslavtseva N. V.; Yashin M. A.; Yudin S. A.; Ermolaev N. R.; Dridiger V. K.; Ilyin B. S.; Lazarev V. I.,Crossref REST API
10.1134/S1064229321030133,2021,Effect of Wind on Soil-Atmosphere Gas Exchange,Eurasian Soil Science,Smagin A. V.; Karelin D. V.,Crossref REST API
10.1134/S1064229321040037,2021,Otsu’s Algorithm in the Segmentation of Pore Space in Soils Based on Tomographic Data,Eurasian Soil Science,Abrosimov K. N.; Gerke K. M.; Semenkov I. N.; Korost D. V.,Crossref REST API
10.1134/S1064229321050148,2021,"Soils of Altitudinal Zones of the Suntar-Khayata Ridge: Morphology, Properties, and Classification",Eurasian Soil Science,Okoneshnikova M. V.; Ivanova A. Z.; Desyatkin R. V.; Nikolin E. G.,Crossref REST API
10.1134/S1064229321060132,2021,Phytotoxicity of Heavy Metals in Contaminated Podzolic Soils of Different Fertility Levels,Eurasian Soil Science,Terekhova V. A.; Prudnikova E. V.; Kiryushina A. P.; Karpukhin M. M.; Plekhanova I. O.; Yakimenko O. S.,Crossref REST API
10.1134/S1064229321080044,2021,Changes in Soil Properties on Fallows in Kursk Oblast and Trends of Postagrogenic Soil Development in Forest-Steppe and Steppe Zones,Eurasian Soil Science,Bulysheva A. M.; Khokhlova O. S.; Bakunovich N. O.; Rusakov A. V.; Myakshina T. N.,Crossref REST API
10.1134/S1064229321080159,2021,Composition of Water Extracts from Plant Material and Soils on Calcareous Rocks and of Surface Water in the Northern Part of the Polar Urals,Eurasian Soil Science,Shamrikova E. V.; Zhangurov E. V.; Kubik O. S.; Korolev M. A.,Crossref REST API
10.1134/S1064229321090118,2021,Physical-Tomographic Characteristics and Structure of Bacterial Community of the Agrophysical System “Germinating Roots—Pore Space of Soils” (Physical Model Experiment),Eurasian Soil Science,Suzdaleva A. V.; Verkhovtseva N. V.; Abrosimov K. N.; Romanycheva A. A.,Crossref REST API
10.1134/S1064229321090131,2021,Aggregate Structure of Native and Arable Soils of Different Geneses: Morphological and Rheological Characteristics,Eurasian Soil Science,Umarova A. B.; Butylkina M. A.; Suslenkova M. M.; Aleksandrova M. S.; Ejelev Z. S.; Khmeleva M. V.; Shkhapatsev A. K.; Gasina A. I.,Crossref REST API
10.1134/S1064229321100082,2021,Biological Activity of Soils in the North of the Novaya Zemlya Archipelago: Effect of the Largest Glacial Sheet in Russia,Eurasian Soil Science,Nikitin D. A.; Lysak L. V.; Badmadashiev D. V.; Kholod S. S.; Mergelov N. S.; Dolgikh A. V.; Goryachkin S. V.,Crossref REST API
10.1134/S1064229321110090,2021,Paleoecological Conditions of the Kuban-Azov Lowland in the Bronze and Early Iron Ages as Based on the Study of Buried Soils,Eurasian Soil Science,Nesteruk G. V.; Khokhlova O. S.; Ilyina L. P.; Sverchkova A. E.; Sushko K. S,Crossref REST API
10.1134/S1064229321110107,2021,Ecological-Trophic Structure and Taxonomic Characteristics of the Communities of Soil Microorganisms in the Northern Part of the Novaya Zemlya Archipelago,Eurasian Soil Science,Nikitin D. A.; Lysak L. V.; Kutovaya O. V.; Gracheva T. A.,Crossref REST API
10.1134/S1064229321120048,2021,"Cryosols from Tundra and Taiga Zones of Yakutia: Properties, Clay Mineralogy, and Problems of Classification",Eurasian Soil Science,Desyatkin R. V.; Lessovaia S. N.; Okoneshnikova M. V.; Ivanova A. Z.,Crossref REST API
10.1134/S106422932112005X,2021,Effects of Biochar on the Agrochemical Indicators and Enzyme Activity of Soils in the Middle Taiga of Karelia,Eurasian Soil Science,Dubrovina I. A.,Crossref REST API
10.1134/S1064229322020089,2022,Charcoals in the Middle Taiga Podzols of Western Siberia as an Indicator of Geosystem History,Eurasian Soil Science,Loiko S. V.; Kuz’mina D. M.; Dudko A. A.; Konstantinov A. O.; Vasil’eva Yu. A.; Kurasova A. O.; Lim A. G.; Kulizhskii S. P.,Crossref REST API
10.1134/S106422932203005X,2022,The Mycobiota of Eutrophic Peatlands,Eurasian Soil Science,Golovchenko A. V.; Semenova T. A.; Morozov A. A.; Glukhova T. V.; Inisheva L. I.,Crossref REST API
10.1134/S1064229322040093,2022,"Impact of Forest Fires on the Microbiological Properties of Oligotrophic Peat Soils and Gleyed Peat Podzols of Bogs in the Northern Part of the Sym-Dubches Interfluve, Krasnoyarsk Region",Eurasian Soil Science,Grodnitskaya I. D.; Karpenko L. V.; Pashkeeva O. E.; Goncharova N. N.; Startsev V. V.; Baturina O. A.; Dymov A. A.,Crossref REST API
10.1134/S1064229322050076,2022,"Identification of Heavy Metal Compounds in Technogenically Transformed Soils Using Sequential Fractionation, XAFS Spectroscopy, and XRD Powder Diffraction",Eurasian Soil Science,Pinskii D. L.; Minkina T. M.; Bauer T. V.; Nevidomskaya D. G.; Shuvaeva V. A.; Mandzhieva S. S.; Tsitsuashvili V. S.; Burachevskaya M. V.; Chaplygin V. A.; Barakhov A. V.; Veligzhanin A. A.; Svetogorov R. D.; Khramov E. V.; Iovcheva A. D.,Crossref REST API
10.1134/S1064229322060096,2022,Inhibition of Enzymatic Activity of Ordinary Chernozem by Gaseous Products of Plant Matter Combustion,Eurasian Soil Science,Nizhelskiy M. S.; Kazeev K. Sh.; Vilkova V. V.; Kolesnikov S. I.,Crossref REST API
10.1134/S1064229322060138,2022,"Big Boldyrevo Kurgan of the Early Bronze Age in the Southern Urals: Kurgan Structures, Paleosols, and Paleoclimate Reconstruction",Eurasian Soil Science,Sverchkova A. E.; Khokhlova O. S.; Morgunova N. L.; Myakshina T. N.,Crossref REST API
10.1134/S1064229322070055,2022,Soluble Organic Matter in Soils of the Rostov Agglomeration,Eurasian Soil Science,Gorbov S. N.; Bezuglova O. S.; Skripnikov P. N.; Tishchenko S. A.,Crossref REST API
10.1134/S1064229322070122,2022,Evolution of Organic Matter in Hummocky Bogs on the Barents Sea Coast in a Changing Climate,Eurasian Soil Science,Vasilevich R. S.; Kuznetsov O. L.; Lodygin E. D.; Zazovskaya E. P.; Panyukov A. N.,Crossref REST API
10.1134/S1064229322090046,2022,Dynamics of Soil Properties and Ecosystem Carbon Stocks for Different Types of Land Use (Middle Taiga of Karelia),Eurasian Soil Science,Dubrovina I. A.; Moshkina E. V.; Tuyunen A. V.; Genikova N. V.; Karpechko A. Yu.; Medvedeva M. V.,Crossref REST API
10.1134/S1064229322090058,2022,Effect of Long-Term Drip Irrigation of Fruit Orchard on the Transformation of Properties of Chernozems,Eurasian Soil Science,Fomenko T. G.; Popova V. P.; Chernikov E. A.; Makarova A. A.; Yaroshenko O. V.,Crossref REST API
10.1134/S1064229322090083,2022,Monitoring of Greenhouse Gas Production on the Landscape Profile of the Vasyugan Swamp,Eurasian Soil Science,Inisheva L. I.; Golovchenko A. V.,Crossref REST API
10.1134/S1064229322090149,2022,Fractional Composition of the Compounds of Some Typomorphic Chemical Elements in Soils of the Barents Sea (Khaipudyr Bay) Coastal Area,Eurasian Soil Science,Shamrikova E. V.; Kubik O. S.; Deneva S. V.,Crossref REST API
10.1134/S1064229322100039,2022,A Comparative Study of the Humic Substances and Organic Matter in Physical Fractions of Haplic Chernozem under Contrasting Land Uses,Eurasian Soil Science,Danchenko N. N.; Artemyeva Z. S.; Kolyagin Y. G.; Kogut B. M.,Crossref REST API
10.1134/S1064229322100131,2022,Study of Some Properties and Catalase Activity in Albic Stagnosols under Different Agrogenic Impacts,Eurasian Soil Science,Purtova L. N.; Timofeeva Ya. O.,Crossref REST API
10.1134/S1064229322110114,2022,The Analysis of Soil and Environmental Conditions in the Late Neolithic Settlements of the Lower Volga Region,Eurasian Soil Science,Ovchinnikov A. Yu.; Vybornov A. A.; Kulkova M. A.; Makshanov A. M.; Khudyakov O. I.,Crossref REST API
10.1134/S1064229322601640,2023,Changes in Enzyme Activity in Postpyrogenic Soils (Physical Model Experiment),Eurasian Soil Science,Prikhodko V. D.; Kazeev K. Sh.; Vilkova V. V.; Nizhelskiy M. S.; Kolesnikov S. I.,Crossref REST API
10.1134/S106422932260169X,2023,Gypsiferous Gazha Soils of the Subboreal Zone of Eurasia,Eurasian Soil Science,Yamnova I. A.; Chernousenko G. I.,Crossref REST API
10.1134/S1064229322601767,2023,"Permafrost-Affected Soils of the Alazeya River Basin: Properties, Mineralogy, and Classification",Eurasian Soil Science,Desyatkin R. V.; Lessovaia S. N.; Okoneshnikova M. V.; Ivanova A. Z.; Platonova N. V.,Crossref REST API
10.1134/S1064229322601950,2023,Effect of Fresh Organic Matter of Straw on Microbiological Parameters of Soddy-Podzolic Soil,Eurasian Soil Science,Nikitin D. A.; Semenov M. V.; Ksenofontova N. A.; Tkhakakhova A. K.; Rusakova I. V.; Lukin S. M.,Crossref REST API
10.1134/S1064229322602530,2023,Influence of Moisture on the CO2 Flux from Palsa Mire Soils in the North of Western Siberia,Eurasian Soil Science,Matyshak G. V.; Chuvanov S. V.; Goncharova O. Yu.; Trifonova V. A.; Timofeeva M. V.; Isaeva A. V.; Tarkhov M. O.,Crossref REST API
10.1134/S1064229322602578,2023,"Soils of the Ray-Iz Massif, Polar Urals",Eurasian Soil Science,Zhangurov E. V.; Korolev M. A.; Dubrovskiy Y. A.; Shamrikova E. V.,Crossref REST API
10.1134/S1064229322700053,2022,Changes in Salt Composition of Soils under Irrigation with Brackish Water in the Steppe Crimea,Eurasian Soil Science,Klimenko O. E.; Yevtushenko A. P.; Klimenko N. I.,Crossref REST API
10.1134/S1064229323600070,2023,Microbiological Parameters of Soddy-Podzolic Soil and Its Rhizosphere in a Half-Century Field Experiment with Different Fertilizer Systems,Eurasian Soil Science,Semenov M. V.; Ksenofontova N. A.; Nikitin D. A.; Tkhakakhova A. K.; Lukin S. M.,Crossref REST API
10.1134/S1064229323600082,2023,Biotechnological Potential of Hydrolytic Prokaryotic Component in Soils,Eurasian Soil Science,Manucharova N. A.; Kovalenko M. A.; Alekseeva M. G.; Babenko A. D.; Stepanov A. L.,Crossref REST API
10.1134/S1064229323600094,2023,Evaluation of Chitinolytic and Antibiotic Activity of Streptomyces avidinii Ina 01467 and Micromonospora aurantiaca INA 01468,Eurasian Soil Science,Teregulova G. A.; Sineva O. N.; Markelova N. N.; Sadikova V. S.; Uvarov G. V.; Kovalenko M. A.; Manucharova N. A.,Crossref REST API
10.1134/S1064229323600379,2023,Respiratory Activity and Biodiversity of Microbiomes in Podzolic Soils of Post-Pyrogenic Spruce Forests in the Krasnoyarsk Krai and Komi Republic,Eurasian Soil Science,Grodnitskaya I. D.; Pashkeeva O. E.; Startsev V. V.; Dymov A. A.,Crossref REST API
10.1134/S1064229323600537,2023,Magnesium in Saline Gypsum-Bearing Soils of Russia,Eurasian Soil Science,Chernousenko G. I.; Khitrov N. B.; Pankova E. I.,Crossref REST API
10.1134/S1064229323600562,2023,Comparison of Areal and Profile Distribution of Magnetic Susceptibility in Steppe Soils of the Russian Plain,Eurasian Soil Science,Malyshev V. V.; Alekseev A. O.,Crossref REST API
10.1134/S1064229323600859,2023,"Cyanobacteria in Hypolithic Horizons of Soils in the Larsemann Hills Oasis, East Antarctica",Eurasian Soil Science,Velichko N. V.; Rabochaya D. E.; Dolgikh A. V.; Mergelov N. S.,Crossref REST API
10.1134/S1064229323601130,2023,Temperature Sensitivity of Soil Respiration in Grasslands in Temperate Continental Climate Zone: Analysis of 25-Year-Long Monitoring Data,Eurasian Soil Science,Kurganova I. N.; Lopes de Gerenyu V. O.; Myakshina T. N.; Sapronov D. V.; Khoroshaev D. A.; Ableeva V. A.,Crossref REST API
10.1134/S106422932360121X,2023,Influence of Meso- and Microclimatic Conditions on the CO2 Emission from Soils of the Urban Green Infrastructure of the Moscow Metropolis,Eurasian Soil Science,Vasenev V. I.; Varentsov M. I.; Sarzhanov D. A.; Makhinya K. I.; Gosse D. D.; Petrov D. G.; Dolgikh A. V.,Crossref REST API
10.1134/S1064229323601221,2023,Simulation Modeling of Forest Soil Respiration: Case Study of Entic Carbic Podzol under Coniferous–Broadleaved Forest in the South of Moscow Oblast,Eurasian Soil Science,Priputina I. V.; Frolov P. V.; Shanin V. N.; Bykhovets S. S.; Kurganova I. N.; Lopes de Gerenyu V. O.; Sapronov D. V.; Zubkova E. V.; Myakshina T. N.; Khoroshaev D. A.,Crossref REST API
10.1134/S1064229323601257,2023,Carbon Dioxide Emission from Soils of the Ecotone Zone in the North of Western Siberia,Eurasian Soil Science,Goncharova O. Yu.; Matyshak G. V.; Timofeeva M. V.; Chuvanov S. V.; Tarkhov M. O.; Isaeva A. V.,Crossref REST API
10.1134/S1064229323601282,2023,Short-Term Dynamics of CO2 Emission and Carbon Content in Urban Soil Constructions in the Steppe Zone,Eurasian Soil Science,Gorbov S. N.; Vasenev V. I.; Minaeva E. N.; Tagiverdiev S. S.; Skripnikov P. N.; Bezuglova O. S.,Crossref REST API
10.1134/S1064229323601439,2023,Salinization and Solonetzization of Soils in River Valleys of the Kulunda Plain,Eurasian Soil Science,Elizarov N. V.; Popov V. V.; Rybkina I. D.; Smolentsev B. A.,Crossref REST API
10.1134/S1064229323601579,2023,Ecological-Geochemical Role of Magnetic Fraction of Soils of the Middle Cis-Urals,Eurasian Soil Science,Gorokhova S. M.; Vasiliev A. A.; Shchurenko N. M.,Crossref REST API
10.1134/S1064229323601749,2023,Analysis of CO2 Emission from Urban Soils of the Kola Peninsula (European Arctic),Eurasian Soil Science,Korneykova M. V.; Vasenev V. I.; Saltan N. V.; Slukovskaya M. V.; Soshina A. S.; Zavodskikh M. S.; Sotnikova Yu. L.; Dolgikh A. V.,Crossref REST API
10.1134/S106422932360183X,2023,Investigation of Uncertainty in Organic Carbon Stock Estimates on a Field Scale,Eurasian Soil Science,Samsonova V. P.; Meshalkina J. L.; Dobrovolskaya V. A.; Kondrashkina M. I.; Dyadkina S. E.; Filippova O. I.; Krotov D. G.; Morozova T. M.; Krasilnikov P. V.,Crossref REST API
10.1134/S1064229323602147,2023,"Soils of Lacustrine Depressions of Pulsing Chloride Lakes in Endorheic Areas of Central Asia: Morphology, Physicochemical, and Geochemical Features",Eurasian Soil Science,Ubugunova V. I.; Ubugunov L. L.; Zhambalova A. D.; Ayushina T. A.; Ubugunov V. L.,Crossref REST API
10.1134/S1064229323602445,2024,"Soils of Chalk Polygons of the Sub-Ural Plateau: Morphology, Properties, and Classification",Eurasian Soil Science,Polyakov D. G.; Kovda I. V.; Ryabukha A. G.,Crossref REST API
10.1134/S1064229323602469,2024,"Middle Devonian Acid Sulfate Paleosol: The First Finding in the Central Devonian Field (Voronezh High, Southern Russia)",Eurasian Soil Science,Alekseeva T. V.; Alekseev A. O.,Crossref REST API
10.1134/S1064229323602470,2024,Late Pleistocene Paleosols in the North of Western Siberia: Paleorecords of Natural Environment and a Component of the Modern Soil Cover,Eurasian Soil Science,Sedov S. N.; Sheinkman V. S.,Crossref REST API
10.1134/S1064229323602561,2024,Soil and Ecological Features of the Neo-Eneolithic Algai Settlement in the Lower Volga Region,Eurasian Soil Science,Ovchinnikov A. Yu.; Zanina O. G.; Lopatina D. A.; Vybornov A. A.; Makshanov A. M.,Crossref REST API
10.1134/S1064229323602755,2024,Carbon Dioxide in Soil and Surface Waters in the North of Western Siberia: Methodological Approach and Quantitative Characteristics,Eurasian Soil Science,Goncharova O. Yu.; Timofeeva M. V.; Matyshak G. V.; Isaeva A. V.,Crossref REST API
10.1134/S1064229323603049,2024,Carbon Accumulation in Peat Soils of Floodplain Mires in the Northeast of the Central Russian Upland,Eurasian Soil Science,Volkova E. M.; Leonova O. A.; Golovchenko A. V.,Crossref REST API
10.1134/S1064229323603657,2024,"Soils of Tundra and Sub-Tundra Larch Open Woodland of Tit-Ary Island (the Lena Delta): Genesis, Properties, and Distribution Patterns",Eurasian Soil Science,Okoneshnikova M. V.; Lessovaia S. N.; Ivanova A. Z.; Desyatkin R. V.,Crossref REST API
10.1134/S1064229323603700,2024,"Influence of Clear Felling on СО2 Emission from Surface of Podzolic Soil of Coniferous–Deciduous Forest (Middle Taiga, Komi Republic)",Eurasian Soil Science,Osipov A. F.; Startsev V. V.; Dymov A. A.,Crossref REST API
10.1134/S1064229323700266,2024,Factors of Microbial Biomass Variation in Recent and Buried Soils of the Steppe Zone,Eurasian Soil Science,Khomutova T. E.; Chernysheva E. V.; Kashirskaya N. N.; Dushchanova K. S.; Petrosyan A. A.; Eltsov M. V.; Borisov A. V.,Crossref REST API
10.1134/S1064229324600167,2024,Effect of Different Synthetic Resins on Soil Nano- and Microstructure,Eurasian Soil Science,Musaelyan R. E.; Abrosimov K. N.; Romanenko K. A.,Crossref REST API
10.1134/S1064229324600209,2024,Freezing of Chalk Cryomorphic Soil Complexes of the Orenburg Oblast: Temperature Regime and Cryogenic Processes in Soil Profile,Eurasian Soil Science,Polyakov D. G.; Ryabukha A. G.; Arkhangelskaya T. A.; Kovda I. V.,Crossref REST API
10.1134/S106422932460074X,2024,Atmospheric Solid Fallouts as a Source of Hydrophobicity of Urban Soils and Material for Their Formation,Eurasian Soil Science,Goncharov N. V.; Prokof’eva T. V.; Potapov D. I.; Fedotov G. N.,Crossref REST API
10.1134/S1064229324601653,2024,Seasonal and Multi-Year Dynamics of Soil Moisture in Gleyic Chernozems (the Oka–Don Lowland),Eurasian Soil Science,Smirnova M. A.; Bardashov D. R.; Fil P. P.; Lozbenev N. I.; Dobrokhotov A. V.,Crossref REST API
10.1134/S1064229324602026,2024,Model Estimates of Changes in Soil Organic Matter Stocks in Forested Areas of European Russia under Different Forest Management Regimes,Eurasian Soil Science,Priputina I. V.; Shanin V. N.; Frolov P. V.; Chumachenko S. I.; Tebenkova D. N.,Crossref REST API
10.1134/S1064229324602099,2024,"Soils on Carbonate Rocks of the Polar Urals: Genesis, Properties, and Classification",Eurasian Soil Science,Zhangurov E. V.; Lebedeva M. P.; Shamrikova E. V.; Korolev M. A.; Panyukov A. N.,Crossref REST API
10.1134/S1064229324602105,2024,Assessment of Spatial Heterogeneity of Soil Properties upon Monitoring Carbon Stocks in Forest Ecosystems,Eurasian Soil Science,Kiseleva V. V.; Karminov V. N.; Chumachenko S. I.; Agol’tsov A. Yu.; Mitrofanov E. M.,Crossref REST API
10.1134/S1064229324602282,2024,Soils on Red-Colored Calcareous Substrate on the Lena-Angara Plateau: Factor Limits of Clay Differentiation,Eurasian Soil Science,Lessovaia S. N.; Goryachkin S. V.; Sokolov A. A.; Romanis T. V.; Konyushkov D. E.; Lopatovskaya O. G.,Crossref REST API
10.1134/S1064229324603445,2025,"Influence of the Moisture Content of Soddy-Podzolic Soil on the Contents of Mobile Forms of Iron, Manganese, Nickel, Copper, Cobalt, and Zinc",Eurasian Soil Science,Kotelnikova A. D.; Borisochkina T. I.; Kolchanova K. A.; Shishkin M. A.; Matveeva N. V.; Kolobova N. A.; Mitrofanov Yu. I.; Pervushina N. K.,Crossref REST API
10.1134/S1064229324603810,2025,Transformation of Physicochemical Properties and CO2 Emission from Urban Soils in the Mountainous Landscape of Sochi City,Eurasian Soil Science,Rogozhina E. V.; Zakharikhina L. V.,Crossref REST API
10.1134/S1064229324603913,2025,Long-Term Dynamics of Carbon Emission in Artificial Soils under Urban Lawns in the Steppe Zone Conditions,Eurasian Soil Science,Gorbov S. N.; Terekhov I. V.; Bezuglova O. S.; Tagiverdiev S. S.; Skripnikov P. N.; Nosov G. N.; Vasenev V. I.,Crossref REST API
10.1134/S1064229324603950,2025,Effect of Grazing on Biological Activity and the Ratio of Fractions of Mineralized Organic Matter of Soils on Carbonate Rocks in the Subalpine Zone of the Eastern Caucasus,Eurasian Soil Science,Pinskoy V. N.; Shaev I. A.; Kutuzova E. A.; Chernysheva E. V.; Kuznetsova T. V.; Idrisov I. A.; Borisov A. V.,Crossref REST API
10.1134/S106422932460427X,2025,Influence of Direct Seeding Technology on the CO2 Emission by Chernozem-Like Soils of the Amur Region,Eurasian Soil Science,Ivanov A. V.; Getmanskii V. V.; Tikhonchuk P. V.; Selikhova O. A.; Danilov A. V.; Piletskaya O. A.,Crossref REST API
10.1134/S1064229324604529,2025,"Stratified Soil on Dictyonema Shales in the Area of the Last Cover Glaciation (Southern Ladoga Region): Properties, Paleogeographic Interpretation, and Radiocarbon Dating Issues",Eurasian Soil Science,Rusakov A. V.; Nikonov A. A.; Sedov S. N.; Savelieva L. A.; Popov A. I.; Zazovskaya E. P.,Crossref REST API
10.1134/S1064229324604578,2025,Microbial Communities of Soil Macrofauna as a Source of Ethylene,Eurasian Soil Science,Yakushev A. V.; Pozdnyakov L. A.; Kudryashova E. B.; Prisyazhnaya N. V.; Stepanov A. L.,Crossref REST API
10.1134/S1064229324700315,2024,Changes in the Composition of Upper Soil Horizons and Lysimetric Waters in the First Years after a Surface Fire in a Lichen Pine Forest in the Komi Republic,Eurasian Soil Science,Payusova I. V.; Gabov D. N.; Gruzdev I. V.; Dymov A. A.,Crossref REST API
10.1134/S1064229325600113,2025,Specific Isotopic (δ13C) and Micromorphological Features of the Organic Matter in Soils of the Mondy Basin (Eastern Sayan Mountains),Eurasian Soil Science,Golubtsov V. A.; Cherkashina A. A.; Bronnikova M. A.,Crossref REST API
10.1134/S1064229325600447,2025,"Desert Varnish—a “Microsoil” of the Arid Environments: Origin, Geographical Variability, and Paleoecological Significance (Review)",Eurasian Soil Science,Martínez-Pabello P. U.; Mergelov N. S.; Bronnikova M. A.; Sedov S. N.; Lebedeva M. P.; Golovanov D. L.; Trejo-Martin P.,Crossref REST API
10.1134/S1064229325600459,2025,Pre-Eifelian Microbial Pedogenesis on Granite,Eurasian Soil Science,Alekseeva T. V.; Malyshev V. V.; Alekseev A. O.,Crossref REST API
10.1134/S1064229325600472,2025,Physiological Characteristics of Culturable Prokaryotic Communities of Fumarole Fields in the Permafrost Zone,Eurasian Soil Science,Kasatkina A. N.; Abramov A. A.; Belov A. A.,Crossref REST API
10.1134/S1064229325600800,2025,Biological Activity of Soils of Solonetzic Complexes,Eurasian Soil Science,Khomutova T. E.; Chernysheva E. V.; Kashirskaya N. N.; Borisov A. V.,Crossref REST API
10.1134/S1064229325601106,2025,Assessment of Lithium Ecotoxicity in Soils with Contrasting Properties,Eurasian Soil Science,Ruseva A. S.; Evstegneeva N. A.; Kolesnikov S. I.; Timoshenko A. N.; Minnikova T. V.; Kazeev K. Sh.,Crossref REST API
10.1134/S1064229325601143,2025,Modeling of Long-Term Carbon Sequestration by Arable Chernozem: Integrated Effects of Fertilization and Tillage,Eurasian Soil Science,Husniev I. T.; Sitnikov V. N.; Esaulko A. N.; Yakimenko O. S.; Romanenkov V. A.,Crossref REST API
10.1134/S1064229325601581,2025,Assessing the Efficacy of Biochar in Remediation of Polymetallic Highly Contaminated Soils with Different Levels of Humus Content,Eurasian Soil Science,Terekhova V. A.; Kulachkova S. A.; Gorlenko M. V.,Crossref REST API
10.1134/S1064229325601647,2026,"Genesis, Properties, and Mineralogical Features of Soils of the Lena Plateau, Yakutia",Eurasian Soil Science,Desyatkin R. V.; Lessovaia S. N.; Okoneshnikova M. V.; Ivanova A. Z.,Crossref REST API
10.1134/S1064229325601970,2026,"Influence of Drainage, Fertilizers, and Agricultural Crops on the Biological Activity of Cultivated Soddy-Podzolic Soils of the Tver Oblast of Russia",Eurasian Soil Science,Kutovaya O. V.; Nikitin D. A.; Ivanova E. A.; Semenov M. V.; Tkhakakhova A. K.; Ksenofontova N. A.; Danilova-Danilyan E. M.,Crossref REST API
10.1134/S106422932560201X,2026,Carbon Dioxide Emission and Organic Carbon Stocks of Tundra Soils on the Coast of the Chosha Bay of the Barents Sea,Eurasian Soil Science,Bobrik A. A.; Kazhukalo G. A.; Bagdasarov I. E.; Prokopyeva K. O.; Sirodzheva L. F.; Krasilnikov P. V.,Crossref REST API
10.1134/S1064229325602227,2025,Impact of Thermal Denudation on the Formation of Synlithogenic Soils and Development of Ecosystems in the Permafrost Zone,Eurasian Soil Science,Ginzburg A. P.; Lupachev A. V.,Crossref REST API
10.1134/S1064229325602239,2026,Influence of Anthropogenic Activity in the Bronze Age on Chemical and Biological Properties of Soils in the Steppe Zone of the Crimean Peninsula,Eurasian Soil Science,Chernysheva E. V.; Potapova A. V.; Smekalova T. N.; Borisov A. V.,Crossref REST API
10.1134/S1064229325602392,2025,"Soils of Karst Sinkholes of the Polar Urals: Morphology, Genesis, and Classification",Eurasian Soil Science,Zhangurov E. V.; Lebedeva M. P.; Shamrikova E. V.; Korolev M. A.; Panyukov A. N.,Crossref REST API
10.1134/S1064229325602409,2025,"Role of Cryogenic and Cryopedogenic Processes of the Past in the Formation of Al–Fe-humus Soils in the Nadym–Pur Interfluve, North of Western Siberia",Eurasian Soil Science,Sheinkman V. S.; Sedov S. N.; Ovchinnikov A. Yu.; Makshanov A. M.,Crossref REST API
10.1134/S1064229325602434,2025,Postpyrogenic Changes in the Properties of Organic Matter in Cryosols of West Siberian Forest-Tundra,Eurasian Soil Science,Buchkina N. P.; Yurtaev A. A.; Shvartseva O. S.; Mukhina D. P.; Balashov E. V.,Crossref REST API
10.1134/S1064229325602495,2025,Cryogenic Micropatterns of the Soil Cover in the Typical Tundra Subzone of European Russia,Eurasian Soil Science,Shmatova A. G.; Goryachkin S. V.,Crossref REST API
10.1134/S106422932560304X,2026,Topological Analysis of the Dynamics of Soil Pore Space Structure: The Betti Numbers as an Indicator of Physical Degradation,Eurasian Soil Science,Kalnin T. G.; Shein E. V.; Timoshenko V. V.; Chernyavskiy M. V.; Ivonin D. A.; Dembovetsky A. V.,Crossref REST API
10.1134/S1064229325603075,2026,Assessment of the Microstructural Stability of Genetic Horizons of a Typical Podzolic Soil Using Oscillatory Amplitude Sweep Test,Eurasian Soil Science,Kholopov Yu. V.; Klyueva V. V.; Lapteva E. M.,Crossref REST API
10.1134/S1064229325603129,2026,"Analysis of Changes in the Chemical Composition of Lysimetric Water in the First Years after Logging (Middle Taiga, Komi Republic)",Eurasian Soil Science,Startsev V. V.; Gorbach N. M.; Severgina D. A.; Payusova I. V.; Dymov A. A.,Crossref REST API
10.1134/S1064229325603841,2026,Carbon Pools in Forest and Meadow Postagrogenic Ecosystems on Albic Endocalcaric Retisols of Southern Taiga,Eurasian Soil Science,Gichan D. V.; Tebenkova D. N.; Ivanova V. N.; Shevchenko N. E.; Ruchinskaya E. V.; Kolycheva A. A.; Nikitina A. D.; Korotkova N. V.; Kataev A. D.; Demidov D. V.; Sharapova N. R.,Crossref REST API
10.1134/S1064229325603853,2026,Assessment of Scandium Ecotoxicity Based on the Dynamics of Changes in Biological Parameters of Haplic Chernozem,Eurasian Soil Science,Tsepina N.; Kolesnikov S.; Minnikova T.; Timoshenko A.; Kuzina A.; Evstegneeva N.; Kazeev K.; Denisova T.; Minkina T.; Tarigholizadeh S.,Crossref REST API
10.1134/S1064229325604378,2026,Dynamics of Distribution of Carbon Stocks in Soils and Structure of Plant Communities under Natural Reforestation on Fallow Lands,Eurasian Soil Science,Priputina I. V.; Frolov P. V.; Shanin V. N.; Kurganova I. N.,Crossref REST API
