property_id,property_russian,canonical_name,category_russian,category,canonical_unit,unit_rule,description
exchangeable_acidity,обменная кислотность,exchangeable acidity,кислотно-основные,acid_base,cmolc/kg,Значения приводятся к этой единице только обратимыми размерностно корректными преобразованиями; исходная единица сохраняется.,Canonical vocabulary; source observations remain separately evidenced.
exchangeable_hydrogen,обменный водород,exchangeable hydrogen,кислотно-основные,acid_base,cmolc/kg,Значения приводятся к этой единице только обратимыми размерностно корректными преобразованиями; исходная единица сохраняется.,Canonical vocabulary; source observations remain separately evidenced.
ph_h2o,pH водной вытяжки,pH in water,кислотно-основные,acid_base,pH,Значения приводятся к этой единице только обратимыми размерностно корректными преобразованиями; исходная единица сохраняется.,
ph_kcl,pH солевой (KCl) вытяжки,pH in KCl,кислотно-основные,acid_base,pH,Значения приводятся к этой единице только обратимыми размерностно корректными преобразованиями; исходная единица сохраняется.,Canonical vocabulary; source observations remain separately evidenced.
ph_unspecified,pH (экстрагент не указан автором),pH (method unspecified),кислотно-основные,acid_base,pH,Значения приводятся к этой единице только обратимыми размерностно корректными преобразованиями; исходная единица сохраняется.,Source reports pH but does not identify the extractant; raw header is retained.
basal_respiration,базальное дыхание,basal respiration,биологические свойства,biological,mg CO2/kg/day,Значения приводятся к этой единице только обратимыми размерностно корректными преобразованиями; исходная единица сохраняется.,Canonical vocabulary; source observations remain separately evidenced.
dehydrogenase_activity,дегидрогеназная активность,dehydrogenase activity,биологические свойства,biological,mg TPF/kg/h,Значения приводятся к этой единице только обратимыми размерностно корректными преобразованиями; исходная единица сохраняется.,Canonical vocabulary; source observations remain separately evidenced.
microbial_biomass_carbon,углерод микробной биомассы,microbial biomass carbon,биологические свойства,biological,mg/kg,Значения приводятся к этой единице только обратимыми размерностно корректными преобразованиями; исходная единица сохраняется.,
microbial_biomass_nitrogen,азот микробной биомассы,microbial biomass nitrogen,биологические свойства,biological,mg/kg,Значения приводятся к этой единице только обратимыми размерностно корректными преобразованиями; исходная единица сохраняется.,Canonical vocabulary; source observations remain separately evidenced.
phosphatase_activity,фосфатазная активность,phosphatase activity,биологические свойства,biological,mg PNP/kg/h,Значения приводятся к этой единице только обратимыми размерностно корректными преобразованиями; исходная единица сохраняется.,Canonical vocabulary; source observations remain separately evidenced.
urease_activity,уреазная активность,urease activity,биологические свойства,biological,mg NH4-N/kg/h,Значения приводятся к этой единице только обратимыми размерностно корректными преобразованиями; исходная единица сохраняется.,Canonical vocabulary; source observations remain separately evidenced.
arsenic,мышьяк,arsenic,потенциальные загрязнители,contaminant,mg/kg,Значения приводятся к этой единице только обратимыми размерностно корректными преобразованиями; исходная единица сохраняется.,
cadmium,кадмий,cadmium,потенциальные загрязнители,contaminant,mg/kg,Значения приводятся к этой единице только обратимыми размерностно корректными преобразованиями; исходная единица сохраняется.,
lead,свинец,lead,потенциальные загрязнители,contaminant,mg/kg,Значения приводятся к этой единице только обратимыми размерностно корректными преобразованиями; исходная единица сохраняется.,
mercury,ртуть,mercury,потенциальные загрязнители,contaminant,mg/kg,Значения приводятся к этой единице только обратимыми размерностно корректными преобразованиями; исходная единица сохраняется.,
selenium,селен,selenium,потенциальные загрязнители,contaminant,mg/kg,Значения приводятся к этой единице только обратимыми размерностно корректными преобразованиями; исходная единица сохраняется.,Canonical vocabulary; source observations remain separately evidenced.
phosphorus_pentoxide,пентаоксид фосфора (P₂O₅),phosphorus pentoxide (P2O5),элементный и оксидный состав,elemental_oxide,%,Значения приводятся к этой единице только обратимыми размерностно корректными преобразованиями; исходная единица сохраняется.,"Mass fraction of oxide in ignited sample, as printed in source table."
potassium_oxide,оксид калия (K₂O),potassium oxide (K2O),элементный и оксидный состав,elemental_oxide,%,Значения приводятся к этой единице только обратимыми размерностно корректными преобразованиями; исходная единица сохраняется.,"Mass fraction of oxide in ignited sample, as printed in source table."
soil_temperature,температура почвы,soil temperature,условия среды,environmental,C,Значения приводятся к этой единице только обратимыми размерностно корректными преобразованиями; исходная единица сохраняется.,Canonical vocabulary; source observations remain separately evidenced.
aluminium_exchangeable,обменный алюминий,exchangeable aluminium,обменный комплекс,exchange,cmolc/kg,Значения приводятся к этой единице только обратимыми размерностно корректными преобразованиями; исходная единица сохраняется.,Canonical vocabulary; source observations remain separately evidenced.
base_saturation,степень насыщенности основаниями,base saturation,обменный комплекс,exchange,%,Значения приводятся к этой единице только обратимыми размерностно корректными преобразованиями; исходная единица сохраняется.,Canonical vocabulary; source observations remain separately evidenced.
calcium,кальций,calcium,обменный комплекс,exchange,cmolc/kg,Значения приводятся к этой единице только обратимыми размерностно корректными преобразованиями; исходная единица сохраняется.,
cation_exchange_capacity,ёмкость катионного обмена,cation exchange capacity,обменный комплекс,exchange,cmolc/kg,Значения приводятся к этой единице только обратимыми размерностно корректными преобразованиями; исходная единица сохраняется.,
exchangeable_calcium,обменный кальций,exchangeable calcium,обменный комплекс,exchange,mol(+)/kg,Значения приводятся к этой единице только обратимыми размерностно корректными преобразованиями; исходная единица сохраняется.,Exchangeable cation charge basis as printed in source table.
exchangeable_magnesium,обменный магний,exchangeable magnesium,обменный комплекс,exchange,mol(+)/kg,Значения приводятся к этой единице только обратимыми размерностно корректными преобразованиями; исходная единица сохраняется.,Exchangeable cation charge basis as printed in source table.
magnesium,магний,magnesium,обменный комплекс,exchange,cmolc/kg,Значения приводятся к этой единице только обратимыми размерностно корректными преобразованиями; исходная единица сохраняется.,
potassium_exchangeable,обменный калий,exchangeable potassium,обменный комплекс,exchange,cmolc/kg,Значения приводятся к этой единице только обратимыми размерностно корректными преобразованиями; исходная единица сохраняется.,Canonical vocabulary; source observations remain separately evidenced.
sodium,натрий,sodium,обменный комплекс,exchange,cmolc/kg,Значения приводятся к этой единице только обратимыми размерностно корректными преобразованиями; исходная единица сохраняется.,Canonical vocabulary; source observations remain separately evidenced.
aluminum_oxide_al2o3,оксид алюминия (Al₂O₃),aluminum oxide Al2O3,геохимические свойства,geochemical,%,Значения приводятся к этой единице только обратимыми размерностно корректными преобразованиями; исходная единица сохраняется.,Direct-profile Table 1 template; source value and unit retained.
calcium_oxide_cao,оксид кальция (CaO),calcium oxide CaO,геохимические свойства,geochemical,%,Значения приводятся к этой единице только обратимыми размерностно корректными преобразованиями; исходная единица сохраняется.,Direct-profile Table 1 template; source value and unit retained.
iron_oxide_fe2o3,оксид железа (Fe₂O₃),iron oxide Fe2O3,геохимические свойства,geochemical,%,Значения приводятся к этой единице только обратимыми размерностно корректными преобразованиями; исходная единица сохраняется.,Direct-profile Table 1 template; source value and unit retained.
magnesium_oxide_mgo,оксид магния (MgO),magnesium oxide MgO,геохимические свойства,geochemical,%,Значения приводятся к этой единице только обратимыми размерностно корректными преобразованиями; исходная единица сохраняется.,Direct-profile Table 1 template; source value and unit retained.
potassium_oxide_k2o,оксид калия (K₂O),potassium oxide K2O,геохимические свойства,geochemical,%,Значения приводятся к этой единице только обратимыми размерностно корректными преобразованиями; исходная единица сохраняется.,Direct-profile Table 1 template; source value and unit retained.
redox_potential,окислительно-восстановительный потенциал (Eh),redox potential,геохимические свойства,geochemical,mV,Значения приводятся к этой единице только обратимыми размерностно корректными преобразованиями; исходная единица сохраняется.,Canonical vocabulary; source observations remain separately evidenced.
silicon_dioxide,диоксид кремния (SiO₂),silicon dioxide,геохимические свойства,geochemical,%,Значения приводятся к этой единице только обратимыми размерностно корректными преобразованиями; исходная единица сохраняется.,Direct-profile Table 1 template; source value and unit retained.
sodium_oxide_na2o,оксид натрия (Na₂O),sodium oxide Na2O,геохимические свойства,geochemical,%,Значения приводятся к этой единице только обратимыми размерностно корректными преобразованиями; исходная единица сохраняется.,Direct-profile Table 1 template; source value and unit retained.
field_capacity,наименьшая влагоёмкость,field capacity,гидрофизические свойства,hydrophysical,%,Значения приводятся к этой единице только обратимыми размерностно корректными преобразованиями; исходная единица сохраняется.,Canonical vocabulary; source observations remain separately evidenced.
gravimetric_water_content,массовая влажность,gravimetric water content,гидрофизические свойства,hydrophysical,%,Значения приводятся к этой единице только обратимыми размерностно корректными преобразованиями; исходная единица сохраняется.,Canonical vocabulary; source observations remain separately evidenced.
saturated_hydraulic_conductivity,насыщенная гидравлическая проводимость,saturated hydraulic conductivity,гидрофизические свойства,hydrophysical,cm/day,Значения приводятся к этой единице только обратимыми размерностно корректными преобразованиями; исходная единица сохраняется.,Canonical vocabulary; source observations remain separately evidenced.
water_holding_capacity,водоудерживающая способность,water holding capacity,гидрофизические свойства,hydrophysical,%,Значения приводятся к этой единице только обратимыми размерностно корректными преобразованиями; исходная единица сохраняется.,
wilting_point,влажность завядания,wilting point,гидрофизические свойства,hydrophysical,%,Значения приводятся к этой единице только обратимыми размерностно корректными преобразованиями; исходная единица сохраняется.,Canonical vocabulary; source observations remain separately evidenced.
ammonium_n,аммонийный азот,ammonium nitrogen,макроэлементы,macronutrient,mg/kg,Значения приводятся к этой единице только обратимыми размерностно корректными преобразованиями; исходная единица сохраняется.,
available_phosphorus,подвижный фосфор,available phosphorus,макроэлементы,macronutrient,mg/kg,Значения приводятся к этой единице только обратимыми размерностно корректными преобразованиями; исходная единица сохраняется.,
available_potassium,подвижный калий,available potassium,макроэлементы,macronutrient,mg/kg,Значения приводятся к этой единице только обратимыми размерностно корректными преобразованиями; исходная единица сохраняется.,
available_sulfur,подвижная сера,available sulfur,макроэлементы,macronutrient,mg/kg,Значения приводятся к этой единице только обратимыми размерностно корректными преобразованиями; исходная единица сохраняется.,Canonical vocabulary; source observations remain separately evidenced.
mineral_nitrogen,минеральный азот,mineral nitrogen,макроэлементы,macronutrient,mg/kg,Значения приводятся к этой единице только обратимыми размерностно корректными преобразованиями; исходная единица сохраняется.,Canonical vocabulary; source observations remain separately evidenced.
nitrate_n,нитратный азот,nitrate nitrogen,макроэлементы,macronutrient,mg/kg,Значения приводятся к этой единице только обратимыми размерностно корректными преобразованиями; исходная единица сохраняется.,
sulfur,общая сера,sulfur,макроэлементы,macronutrient,mg/kg,Значения приводятся к этой единице только обратимыми размерностно корректными преобразованиями; исходная единица сохраняется.,Canonical vocabulary; source observations remain separately evidenced.
total_nitrogen,общий азот,total nitrogen,макроэлементы,macronutrient,g/kg,Значения приводятся к этой единице только обратимыми размерностно корректными преобразованиями; исходная единица сохраняется.,
total_phosphorus,общий фосфор,total phosphorus,макроэлементы,macronutrient,g/kg,Значения приводятся к этой единице только обратимыми размерностно корректными преобразованиями; исходная единица сохраняется.,Canonical vocabulary; source observations remain separately evidenced.
total_potassium,общий калий,total potassium,макроэлементы,macronutrient,g/kg,Значения приводятся к этой единице только обратимыми размерностно корректными преобразованиями; исходная единица сохраняется.,Canonical vocabulary; source observations remain separately evidenced.
boron,бор,boron,микроэлементы,microelement,mg/kg,Значения приводятся к этой единице только обратимыми размерностно корректными преобразованиями; исходная единица сохраняется.,Canonical vocabulary; source observations remain separately evidenced.
chromium,хром,chromium,микроэлементы,microelement,mg/kg,Значения приводятся к этой единице только обратимыми размерностно корректными преобразованиями; исходная единица сохраняется.,Canonical vocabulary; source observations remain separately evidenced.
cobalt,кобальт,cobalt,микроэлементы,microelement,mg/kg,Значения приводятся к этой единице только обратимыми размерностно корректными преобразованиями; исходная единица сохраняется.,Canonical vocabulary; source observations remain separately evidenced.
copper,медь,copper,микроэлементы,microelement,mg/kg,Значения приводятся к этой единице только обратимыми размерностно корректными преобразованиями; исходная единица сохраняется.,
iron,железо,iron,микроэлементы,microelement,mg/kg,Значения приводятся к этой единице только обратимыми размерностно корректными преобразованиями; исходная единица сохраняется.,Canonical vocabulary; source observations remain separately evidenced.
manganese,марганец,manganese,микроэлементы,microelement,mg/kg,Значения приводятся к этой единице только обратимыми размерностно корректными преобразованиями; исходная единица сохраняется.,Canonical vocabulary; source observations remain separately evidenced.
molybdenum,молибден,molybdenum,микроэлементы,microelement,mg/kg,Значения приводятся к этой единице только обратимыми размерностно корректными преобразованиями; исходная единица сохраняется.,Canonical vocabulary; source observations remain separately evidenced.
nickel,никель,nickel,микроэлементы,microelement,mg/kg,Значения приводятся к этой единице только обратимыми размерностно корректными преобразованиями; исходная единица сохраняется.,Canonical vocabulary; source observations remain separately evidenced.
zinc,цинк,zinc,микроэлементы,microelement,mg/kg,Значения приводятся к этой единице только обратимыми размерностно корректными преобразованиями; исходная единица сохраняется.,
carbonate_equivalent,карбонатный эквивалент (CaCO₃),carbonate equivalent (CaCO3),органическое вещество и углерод,organic,%,Значения приводятся к этой единице только обратимыми размерностно корректными преобразованиями; исходная единица сохраняется.,Canonical vocabulary; source observations remain separately evidenced.
inorganic_carbon,неорганический углерод,inorganic carbon,органическое вещество и углерод,organic,g/kg,Значения приводятся к этой единице только обратимыми размерностно корректными преобразованиями; исходная единица сохраняется.,Canonical vocabulary; source observations remain separately evidenced.
organic_matter,органическое вещество (гумус),organic matter/humus,органическое вещество и углерод,organic,%,Значения приводятся к этой единице только обратимыми размерностно корректными преобразованиями; исходная единица сохраняется.,
soil_organic_carbon,органический углерод почвы,soil organic carbon,органическое вещество и углерод,organic,g/kg,Значения приводятся к этой единице только обратимыми размерностно корректными преобразованиями; исходная единица сохраняется.,
water_soluble_organic_carbon,водорастворимый органический углерод,water soluble organic carbon,органическое вещество и углерод,organic,mg/kg,Значения приводятся к этой единице только обратимыми размерностно корректными преобразованиями; исходная единица сохраняется.,Direct-profile Table 1 template; source value and unit retained.
clay,глина,clay,гранулометрический состав,particle_size,%,Значения приводятся к этой единице только обратимыми размерностно корректными преобразованиями; исходная единица сохраняется.,
coarse_sand,крупный песок,coarse sand,гранулометрический состав,particle_size,%,Значения приводятся к этой единице только обратимыми размерностно корректными преобразованиями; исходная единица сохраняется.,Canonical vocabulary; source observations remain separately evidenced.
fine_fraction_lt_0_001mm,"илистая фракция (<0,001 мм)",fine fraction <0.001 mm,гранулометрический состав,particle_size,%,Значения приводятся к этой единице только обратимыми размерностно корректными преобразованиями; исходная единица сохраняется.,Direct-profile Table 1 template; source value and unit retained.
fine_sand,мелкий песок,fine sand,гранулометрический состав,particle_size,%,Значения приводятся к этой единице только обратимыми размерностно корректными преобразованиями; исходная единица сохраняется.,Canonical vocabulary; source observations remain separately evidenced.
physical_clay,физическая глина,physical clay,гранулометрический состав,particle_size,%,Значения приводятся к этой единице только обратимыми размерностно корректными преобразованиями; исходная единица сохраняется.,Canonical vocabulary; source observations remain separately evidenced.
sand,песок,sand,гранулометрический состав,particle_size,%,Значения приводятся к этой единице только обратимыми размерностно корректными преобразованиями; исходная единица сохраняется.,
silt,пылеватая фракция,silt,гранулометрический состав,particle_size,%,Значения приводятся к этой единице только обратимыми размерностно корректными преобразованиями; исходная единица сохраняется.,
aggregate_stability,агрегатная устойчивость,aggregate stability,физические свойства,physical,%,Значения приводятся к этой единице только обратимыми размерностно корректными преобразованиями; исходная единица сохраняется.,
bulk_density,плотность сложения,bulk density,физические свойства,physical,g/cm3,Значения приводятся к этой единице только обратимыми размерностно корректными преобразованиями; исходная единица сохраняется.,
particle_density,плотность твёрдой фазы,particle density,физические свойства,physical,g/cm3,Значения приводятся к этой единице только обратимыми размерностно корректными преобразованиями; исходная единица сохраняется.,Canonical vocabulary; source observations remain separately evidenced.
penetration_resistance,сопротивление пенетрации,penetration resistance,физические свойства,physical,MPa,Значения приводятся к этой единице только обратимыми размерностно корректными преобразованиями; исходная единица сохраняется.,Canonical vocabulary; source observations remain separately evidenced.
porosity,общая пористость,total porosity,физические свойства,physical,%,Значения приводятся к этой единице только обратимыми размерностно корректными преобразованиями; исходная единица сохраняется.,
electrical_conductivity,электропроводность,electrical conductivity,засоление и минерализация,salinity,dS/m,Значения приводятся к этой единице только обратимыми размерностно корректными преобразованиями; исходная единица сохраняется.,
exchangeable_sodium_percentage,доля обменного натрия (ESP),exchangeable sodium percentage,засоление и минерализация,salinity,%,Значения приводятся к этой единице только обратимыми размерностно корректными преобразованиями; исходная единица сохраняется.,Canonical vocabulary; source observations remain separately evidenced.
sodium_adsorption_ratio,коэффициент адсорбции натрия (SAR),sodium adsorption ratio,засоление и минерализация,salinity,,Единица зависит от методики; автоматическое приведение не выполняется.,Canonical vocabulary; source observations remain separately evidenced.
total_dissolved_solids,общее содержание растворённых веществ,total dissolved solids,засоление и минерализация,salinity,g/L,Значения приводятся к этой единице только обратимыми размерностно корректными преобразованиями; исходная единица сохраняется.,Canonical vocabulary; source observations remain separately evidenced.
calcium_ion_activity_paste,активность ионов кальция в почвенной пасте,calcium ion activity in soil paste,почвенный раствор,soil_solution,mmol/L,Значения приводятся к этой единице только обратимыми размерностно корректными преобразованиями; исходная единица сохраняется.,Activity of Ca2+ in a soil paste; not total calcium concentration.
calcium_ion,ион кальция Ca2+ (метод не указан),calcium ion Ca2+,почвенный раствор,soil_solution,,Метод вытяжки не указан заголовком; единица намеренно не приводится.,Ca2+ reported as an ion; water extract or exchange complex not stated.
magnesium_ion,ион магния Mg2+ (метод не указан),magnesium ion Mg2+,почвенный раствор,soil_solution,,Метод вытяжки не указан заголовком; единица намеренно не приводится.,Mg2+ reported as an ion; extraction not stated.
sodium_ion,ион натрия Na+ (метод не указан),sodium ion Na+,почвенный раствор,soil_solution,,Метод вытяжки не указан заголовком; единица намеренно не приводится.,Na+ reported as an ion; extraction not stated.
potassium_ion,ион калия K+ (метод не указан),potassium ion K+,почвенный раствор,soil_solution,,Метод вытяжки не указан заголовком; единица намеренно не приводится.,K+ reported as an ion; extraction not stated.
ammonium_ion,ион аммония NH4+ (метод не указан),ammonium ion NH4+,почвенный раствор,soil_solution,,Метод вытяжки не указан заголовком; единица намеренно не приводится.,NH4+ reported as an ion; extraction not stated.
hydrogen_ion,ион водорода H+ (метод не указан),hydrogen ion H+,почвенный раствор,soil_solution,,Метод вытяжки не указан заголовком; единица намеренно не приводится.,H+ reported as an ion; extraction not stated.
aluminium_ion,ион алюминия Al3+ (метод не указан),aluminium ion Al3+,почвенный раствор,soil_solution,,Метод вытяжки не указан заголовком; единица намеренно не приводится.,Al3+ reported as an ion; extraction not stated.
chloride_ion,хлорид-ион Cl-,chloride ion Cl-,почвенный раствор,soil_solution,,Единица как напечатана автором; автоматическое приведение не выполняется.,Cl- in the water extract; unit as printed.
sulfate_ion,сульфат-ион SO4 2-,sulfate ion SO4 2-,почвенный раствор,soil_solution,,Единица как напечатана автором; автоматическое приведение не выполняется.,SO4 2- in the water extract; unit as printed.
bicarbonate_ion,гидрокарбонат-ион HCO3-,bicarbonate ion HCO3-,почвенный раствор,soil_solution,,Единица как напечатана автором; автоматическое приведение не выполняется.,HCO3- in the water extract; unit as printed.
carbonate_ion,карбонат-ион CO3 2-,carbonate ion CO3 2-,почвенный раствор,soil_solution,,Единица как напечатана автором; автоматическое приведение не выполняется.,CO3 2- in the water extract; unit as printed.
nitrate_ion,нитрат-ион NO3- (метод не указан),nitrate ion NO3-,почвенный раствор,soil_solution,,Метод вытяжки не указан заголовком; единица намеренно не приводится.,NO3- reported as an ion; extraction not stated.
coarse_silt,крупная пыль (0.05–0.01 мм),coarse silt 0.05-0.01 mm,гранулометрический состав,particle_size,%,Значения приводятся к этой единице только обратимыми размерностно корректными преобразованиями; исходная единица сохраняется.,Kachinsky coarse silt fraction.
medium_silt,средняя пыль (0.01–0.005 мм),medium silt 0.01-0.005 mm,гранулометрический состав,particle_size,%,Значения приводятся к этой единице только обратимыми размерностно корректными преобразованиями; исходная единица сохраняется.,Kachinsky medium silt fraction.
fine_silt,мелкая пыль (0.005–0.001 мм),fine silt 0.005-0.001 mm,гранулометрический состав,particle_size,%,Значения приводятся к этой единице только обратимыми размерностно корректными преобразованиями; исходная единица сохраняется.,Kachinsky fine silt fraction.
very_coarse_sand,очень крупный песок (3–1 мм),very coarse sand 3-1 mm,гранулометрический состав,particle_size,%,Значения приводятся к этой единице только обратимыми размерностно корректными преобразованиями; исходная единица сохраняется.,Fraction coarser than 1 mm.
titanium_dioxide,диоксид титана TiO2,titanium dioxide TiO2,геохимия,geochemical,%,Значения приводятся к этой единице только обратимыми размерностно корректными преобразованиями; исходная единица сохраняется.,Bulk TiO2 content.
manganese_oxide_mno,оксид марганца MnO,manganese oxide MnO,геохимия,geochemical,%,Значения приводятся к этой единице только обратимыми размерностно корректными преобразованиями; исходная единица сохраняется.,Bulk MnO content.
carbon_nitrogen_ratio,отношение C:N,C:N ratio,органическое вещество и углерод,organic,,Безразмерное отношение; автоматическое приведение не требуется.,Dimensionless ratio of organic carbon to total nitrogen.
carbon_phosphorus_ratio,отношение C:P,C:P ratio,органическое вещество и углерод,organic,,Безразмерное отношение; автоматическое приведение не требуется.,Dimensionless ratio of organic carbon to phosphorus.
hydrogen_carbon_ratio,отношение H:C,H:C ratio,органическое вещество и углерод,organic,,Безразмерное атомное отношение; используется в химии гумуса.,Dimensionless atomic ratio used in humus chemistry.
oxygen_carbon_ratio,отношение O:C,O:C ratio,органическое вещество и углерод,organic,,Безразмерное атомное отношение; используется в химии гумуса.,Dimensionless atomic ratio used in humus chemistry.
horizon_thickness,мощность горизонта,soil horizon thickness,почвенное свойство,soil_property,cm,Значения приводятся к этой единице только обратимыми размерностно корректными преобразованиями; исходная единица сохраняется.,Canonical vocabulary; source observations remain separately evidenced.
soil_organic_carbon_stock,запас органического углерода почвы,soil organic carbon stock,органическое вещество и углерод,organic,t/ha,Значения приводятся к этой единице только обратимыми размерностно корректными преобразованиями; исходная единица сохраняется.,Canonical vocabulary; source observations remain separately evidenced.
aggregate_fraction,доля агрегатной фракции,aggregate size fraction,ручной ввод из статьи,manual_article,%,Значения приводятся к этой единице только обратимыми размерностно корректными преобразованиями; исходная единица сохраняется.,Canonical vocabulary; source observations remain separately evidenced.
organic_matter_stock,запас органического вещества (гумуса),organic matter/humus stock,органическое вещество и углерод,organic,t/ha,Значения приводятся к этой единице только обратимыми размерностно корректными преобразованиями; исходная единица сохраняется.,Canonical vocabulary; source observations remain separately evidenced.
soil_organic_carbon_pct,органический углерод (метод не уточнён),organic carbon,углерод,carbon,%,Значения приводятся к этой единице только обратимыми размерностно корректными преобразованиями; исходная единица сохраняется.,Canonical vocabulary; source observations remain separately evidenced.
air_capacity_field_capacity,воздухоёмкость при наименьшей влагоёмкости,air capacity at field capacity,почвенное свойство,soil_property,%,Значения приводятся к этой единице только обратимыми размерностно корректными преобразованиями; исходная единица сохраняется.,Canonical vocabulary; source observations remain separately evidenced.
runoff,поверхностный сток,runoff,ручной ввод из статьи,manual_article,mm,Значения приводятся к этой единице только обратимыми размерностно корректными преобразованиями; исходная единица сохраняется.,Canonical vocabulary; source observations remain separately evidenced.
ph_salt_extract,pH солевой вытяжки (экстрагент не уточнён),pH in salt extract,почвенное свойство,soil_property,pH,Значения приводятся к этой единице только обратимыми размерностно корректными преобразованиями; исходная единица сохраняется.,Canonical vocabulary; source observations remain separately evidenced.
corg,"органический углерод (Corg, источник-специфичный ряд)",Organic carbon rcsi405804,почвенные измерения,soil_measurement,%,Значения приводятся к этой единице только обратимыми размерностно корректными преобразованиями; исходная единица сохраняется.,Canonical vocabulary; source observations remain separately evidenced.
ph,pH водной вытяжки (источник-специфичный ряд),pH H2O rcsi405803,почвенные измерения,soil_measurement,pH,Значения приводятся к этой единице только обратимыми размерностно корректными преобразованиями; исходная единица сохраняется.,Canonical vocabulary; source observations remain separately evidenced.
soil_total_carbon_pct,общий углерод почвы,total carbon,углерод,carbon,%,Значения приводятся к этой единице только обратимыми размерностно корректными преобразованиями; исходная единица сохраняется.,Canonical vocabulary; source observations remain separately evidenced.
annual_precipitation,годовое количество осадков,annual precipitation,ручной ввод из статьи,manual_article,mm,Значения приводятся к этой единице только обратимыми размерностно корректными преобразованиями; исходная единица сохраняется.,Canonical vocabulary; source observations remain separately evidenced.
depth_or_x,показатель «x p» (заголовок источника не расшифрован),x p,ручной ввод из статьи,manual_article,%,Значения приводятся к этой единице только обратимыми размерностно корректными преобразованиями; исходная единица сохраняется.,Canonical vocabulary; source observations remain separately evidenced.
precipitation_total,суммарное количество осадков,total precipitation,климат,climate,mm,Значения приводятся к этой единице только обратимыми размерностно корректными преобразованиями; исходная единица сохраняется.,Canonical vocabulary; source observations remain separately evidenced.
calcium_magnesium_ratio,отношение Ca/Mg,calcium to magnesium ratio,почвенный раствор,soil_solution,1,Значения приводятся к этой единице только обратимыми размерностно корректными преобразованиями; исходная единица сохраняется.,Canonical vocabulary; source observations remain separately evidenced.
qCO2,удельное микробное дыхание (qCO₂),specific microbial respiration qCO2,биологические свойства,biological,?g C-CO2/mg C/h,Значения приводятся к этой единице только обратимыми размерностно корректными преобразованиями; исходная единица сохраняется.,Canonical vocabulary; source observations remain separately evidenced.
sum_exchangeable_bases,сумма обменных оснований,sum exchangeable bases,химические свойства почвы,soil_chemistry,cmol(+)/kg,Значения приводятся к этой единице только обратимыми размерностно корректными преобразованиями; исходная единица сохраняется.,Canonical vocabulary; source observations remain separately evidenced.
ec,электропроводность (источник-специфичный ряд),Electrical conductivity rcsi405803,почвенные измерения,soil_measurement,uS/cm,Значения приводятся к этой единице только обратимыми размерностно корректными преобразованиями; исходная единица сохраняется.,Canonical vocabulary; source observations remain separately evidenced.
field_capacity_water_storage,запас влаги при наименьшей влагоёмкости,field-capacity water storage,вода,water,mm,Значения приводятся к этой единице только обратимыми размерностно корректными преобразованиями; исходная единица сохраняется.,Canonical vocabulary; source observations remain separately evidenced.
fungal_fraction,доля грибной биомассы,fungal fraction,биологические свойства,biological,%,Значения приводятся к этой единице только обратимыми размерностно корректными преобразованиями; исходная единица сохраняется.,Canonical vocabulary; source observations remain separately evidenced.
litter_thickness,мощность лесной подстилки,litter thickness,ручной ввод из статьи,manual_article,cm,Значения приводятся к этой единице только обратимыми размерностно корректными преобразованиями; исходная единица сохраняется.,Canonical vocabulary; source observations remain separately evidenced.
volumetric_water_content,объёмная влажность почвы,volumetric soil water content,вода,water,m3/m3,Значения приводятся к этой единице только обратимыми размерностно корректными преобразованиями; исходная единица сохраняется.,Canonical vocabulary; source observations remain separately evidenced.
organic_matter_pct,органическое вещество (метод не уточнён),organic matter,органическое вещество и углерод,organic,%,Значения приводятся к этой единице только обратимыми размерностно корректными преобразованиями; исходная единица сохраняется.,Canonical vocabulary; source observations remain separately evidenced.
potassium_mgkg,калий (валовое содержание),potassium,элементный состав почвы,soil_elements,mg/kg,Значения приводятся к этой единице только обратимыми размерностно корректными преобразованиями; исходная единица сохраняется.,Canonical vocabulary; source observations remain separately evidenced.
salt_sum,сумма солей,sum of salts,ручной ввод из статьи,manual_article,g/L,Значения приводятся к этой единице только обратимыми размерностно корректными преобразованиями; исходная единица сохраняется.,Canonical vocabulary; source observations remain separately evidenced.
snow_depth,высота снежного покрова,snow cover depth,ручной ввод из статьи,manual_article,cm,Значения приводятся к этой единице только обратимыми размерностно корректными преобразованиями; исходная единица сохраняется.,Canonical vocabulary; source observations remain separately evidenced.
soil_respiration,эмиссия CO₂ из почвы,CO2 emission,ручной ввод из статьи,manual_article,g CO2/(m2 day),Значения приводятся к этой единице только обратимыми размерностно корректными преобразованиями; исходная единица сохраняется.,Canonical vocabulary; source observations remain separately evidenced.
soil_fraction_0_001_0_005,почвенная фракция 0.001–0.005 мм,soil particle fraction 0.001-0.005 mm,гранулометрический состав,particle_size,%,Значения приводятся к этой единице только обратимыми размерностно корректными преобразованиями; исходная единица сохраняется.,Canonical vocabulary; source observations remain separately evidenced.
rcsi282682_phosphorus,"фосфор (источник-специфичный ряд, табл. 2)",Phosphorus [rcsi282682 Table 2],почвенные измерения,soil_measurement,mg/kg,Значения приводятся к этой единице только обратимыми размерностно корректными преобразованиями; исходная единица сохраняется.,Canonical vocabulary; source observations remain separately evidenced.
rcsi282682_potassium,"калий (источник-специфичный ряд, табл. 2)",Potassium [rcsi282682 Table 2],почвенные измерения,soil_measurement,mg/kg,Значения приводятся к этой единице только обратимыми размерностно корректными преобразованиями; исходная единица сохраняется.,Canonical vocabulary; source observations remain separately evidenced.
soil_fraction_0_005_0_01,почвенная фракция 0.005–0.01 мм,soil particle fraction 0.005-0.01 mm,гранулометрический состав,particle_size,%,Значения приводятся к этой единице только обратимыми размерностно корректными преобразованиями; исходная единица сохраняется.,Canonical vocabulary; source observations remain separately evidenced.
clay_001_9315010160,ил <0.001 мм (источник-специфичный ряд),<0.001 mm clay [9315010160],физические свойства почвы,soil_physical_properties,%,Значения приводятся к этой единице только обратимыми размерностно корректными преобразованиями; исходная единица сохраняется.,Canonical vocabulary; source observations remain separately evidenced.
manual_9323603402_tp,"общий фосфор (TP, источник-специфичный ряд)",TP,физико-химические свойства,soil_physicochemical,g/kg,Значения приводятся к этой единице только обратимыми размерностно корректными преобразованиями; исходная единица сохраняется.,Canonical vocabulary; source observations remain separately evidenced.
rso9325601337_caco3,карбонат кальция (источник-специфичный ряд),calcium carbonate [9325601337],неорганические вещества,inorganic,%,Значения приводятся к этой единице только обратимыми размерностно корректными преобразованиями; исходная единица сохраняется.,Canonical vocabulary; source observations remain separately evidenced.
manual_9321120073_total_P,общий фосфор (источник-специфичный ряд),Total P,свойства почвенных мелиорантов,soil_amendment_properties,g/kg,Значения приводятся к этой единице только обратимыми размерностно корректными преобразованиями; исходная единица сохраняется.,Canonical vocabulary; source observations remain separately evidenced.
ash_content_931404005X,зольность (источник-специфичный ряд),ash content [931404005X],химические свойства почвы,soil_chemistry,%,Значения приводятся к этой единице только обратимыми размерностно корректными преобразованиями; исходная единица сохраняется.,Canonical vocabulary; source observations remain separately evidenced.
redox_fraction_low_potential,"доля от общего количества, низкий окислительный потенциал","fraction of total amount, low oxidation potential",геохимические свойства,geochemical,%,Значения приводятся к этой единице только обратимыми размерностно корректными преобразованиями; исходная единица сохраняется.,"Split out of a mis-merged fallback property_id, 2026-08-11."
manual_2260124_xp,доля добавки x в смеси,xp,свойства почвенных мелиорантов,soil_amendment_properties,%,Значения приводятся к этой единице только обратимыми размерностно корректными преобразованиями; исходная единица сохраняется.,"Experimental design variable (amendment dose), not a soil property theme."
manual_1911009_total_sodium,натрий общий [Pochved1911009 Table 1],,,,,,
manual_9311030094_spore_forming_bacteria,доля спорообразующих бактерий среди почвенных микроорганизмов [9311030094],,,,,,
manual_9311030094_microscopic_fungi,доля микроскопических грибов среди почвенных микроорганизмов [9311030094],,,,,,
manual_9311030094_bacteria,доля бактерий среди почвенных микроорганизмов [9311030094],,,,,,
manual_9311030094_actinomycetes,доля актиномицетов среди почвенных микроорганизмов [9311030094],,,,,,
manual_9324600106_pH_KCl,pH солевой (KCl) [9324600106],,,,,,
manual_9324600106_Ctot,C общий [9324600106],,,,,,
manual_9324600106_Ca2,Ca²⁺ [9324600106],,,,,,
manual_9306130163_mg,Mg [10.1134/S1064229306130163],,,,,,
manual_9306130163_na,Na [10.1134/S1064229306130163],,,,,,
manual_9306130163_ph,pH [10.1134/S1064229306130163],,,,,,
manual_9306130163_ca,Ca [10.1134/S1064229306130163],,,,,,
manual_9324600106_Mg2,Mg²⁺ [9324600106],,,,,,
manual_9306130163_k,K [10.1134/S1064229306130163],,,,,,
manual_9306130163_corg,C орг. [10.1134/S1064229306130163],,,,,,
manual_9321060090_BC,чёрный углерод (BC) в почве [9321060090],,,,,,
manual_9321060090_BC_OC,отношение BC/OC в почве [9321060090],,,,,,
manual_9321060090_OC,органический углерод (OC) в почве [9321060090],,,,,,
manual_9321060090_d13C_BC,δ¹³C чёрного углерода в почве [9321060090],,,,,,
manual_9321060090_d13C_OC,δ¹³C органического углерода в почве [9321060090],,,,,,
manual_9321060090_d13C_OC_BC,разница δ¹³C (OC−BC) в почве [9321060090],,,,,,
manual_9324600106_Fe2O3ox,Fe₂O₃ (по Тамму),,,,,,
rcsi356178_xrd_d_A,межплоскостное расстояние РСА (d),,,,,,
rcsi356178_xrd_intensity_pct,интенсивность пика РСА (I),,,,,,
rcsi308809_density,плотность сложения [rcsi308809],,,,,,
rcsi308809_stock,запас углерода почвы [rcsi308809],,,,,,
rcsi308809_corg,C орг. [rcsi308809],,,,,,
rcsi308805_magnetic_mass_1e8_m3_kg,удельная магнитная восприимчивость,,,,,,
manual_9324600106_particles_lt_0001,"сумма частиц <0,001 мм",,,,,,
manual_9324600106_particles_lt_001,"сумма частиц <0,01 мм",,,,,,
rcsi356176_frac_001_0005_pct,"0,01–0,005 мм",,,,,,
rcsi356176_frac_1_025_pct,"1–0,25 мм",,,,,,
rcsi356176_frac_025_005_pct,"0,25–0,05 мм",,,,,,
rcsi356176_frac_005_001_pct,"0,05–0,01 мм",,,,,,
rcsi356176_ca_exchangeable_mol_kg,обменный Ca²⁺,,,,,,
rcsi356176_frac_0005_0001_pct,"0,005–0,001 мм",,,,,,
rcsi356176_ph_h2o,pH водный,,,,,,
rcsi356176_mg_exchangeable_mol_kg,обменный Mg²⁺,,,,,,
rcsi356176_fine_lt001_pct,"<0,01 мм суммарно",,,,,,
rcsi356176_frac_lt0001_pct,"<0,001 мм",,,,,,
rcsi308805_relative_magnetic_ratio,"χ/χs (магнитная восприимчивость, отношение)",,,,,,
rcsi308805_magnetic_volume_1e5_si,объёмная магнитная восприимчивость,,,,,,
rcsi308805_bulk_density_1e3_kg_m3,плотность сложения,,,,,,
aggregate_stability_index,индекс агрегатной устойчивости,,,,,,
rcsi280285_corg,органический углерод (Cорг.) [rcsi280285],,,,,,
rcsi280285_cn,неорганический углерод Cн [rcsi280285],,,,,,
rcsi280285_ph_h2o_c,pH водный (c) [rcsi280285],,,,,,
rcsi356176_corg_pct,C орг.,,,,,,
c_1912004,органический углерод C [1912004 direct],,,,,,
ca_1912004,обменный Ca [1912004 direct],,,,,,
rso_9307010048_ph_salt,pH почвы (солевая вытяжка) [9307010048],,,,,,
ph_1912004,pH водный [1912004 direct],,,,,,
rso_9307010048_ph_water_i,"pH почвы (водная вытяжка, вариант I) [9307010048]",,,,,,
k_1912004,подвижный K₂O [1912004 direct],,,,,,
dry_residue_1912004,сухой остаток [1912004 direct],,,,,,
p_1912004,подвижный P₂O₅ [1912004 direct],,,,,,
na_1912004,обменный Na [1912004 direct],,,,,,
mg_1912004,обменный Mg [1912004 direct],,,,,,
n_alk_1912004,щёлочногидролизуемый азот [1912004 direct],,,,,,
pore_areal_density,плотность пор (площадная),,,,,,
manual_9323603402_clay,глина [9323603402],,,,,,
manual_9323603402_sand,песок [9323603402],,,,,,
manual_9323603402_silt,пыль [9323603402],,,,,,
rcsi405789_psd_lt0001_pct,"<0,001 мм",,,,,,
rcsi405789_psd_0005_0001_pct,"0,005–0,001 мм",,,,,,
rcsi405789_psd_001_0005_pct,"0,01–0,005 мм",,,,,,
rcsi273573_cn_ratio,C/N [rcsi273573],,,,,,
rcsi405789_psd_005_001_pct,"0,05–0,01 мм",,,,,,
rcsi405789_psd_025_005_pct,"0,25–0,05 мм",,,,,,
rcsi405789_psd_1_025_pct,"1–0,25 мм",,,,,,
rcsi405789_psd_lt001_pct,"<0,01 мм",,,,,,
soil_respiration_rate,удельный поток CO₂ (дыхание почвы),,,,,,
manual_930607012X_t6,"стронций в сухом веществе растений [10.1134/S106422930607012X, Table 6]",,,,,,
anthracene_9314090087,антрацен [9314090087],,,,,,
tetraphene_9314090087,тетрафен [9314090087],,,,,,
dibenzothiophene_9314090087,дибензотиофен [9314090087],,,,,,
chrysene_9314090087,хризен [9314090087],,,,,,
total_pahs_9314090087,сумма ПАУ [9314090087],,,,,,
fluorene_9314090087,флуорен [9314090087],,,,,,
benzkfluoranthene_9314090087,бензфлуорантен [9314090087],,,,,,
rcsi405789_clay_resonator_pct,илистая фракция (резонатор),,,,,,
rcsi405789_humus_pct,гумус,,,,,,
benzoaperylene_9314090087,бензперилен [9314090087],,,,,,
coronene_9314090087,коронен [9314090087],,,,,,
naphthalene_9314090087,нафталин [9314090087],,,,,,
benzogh i perylene_9314090087,бензперилен [9314090087],,,,,,
benzoepyrene_9314090087,бензпирен [9314090087],,,,,,
pyrene_9314090087,пирен [9314090087],,,,,,
benzoapyrene_9314090087,бензпирен [9314090087],,,,,,
phenanthrene_9314090087,фенантрен [9314090087],,,,,,
dehydrogenase_931501007X,дегидрогеназа [931501007X],,,,,,
phosphatase_931501007X,фосфатаза [931501007X],,,,,,
catalase_931501007X,каталаза [931501007X],,,,,,
ph_h2o_931501007X,pH водный [931501007X],,,,,,
invertase_931501007X,инвертаза [931501007X],,,,,,
humus_931501007X,содержание гумуса [931501007X],,,,,,
urease_931501007X,уреаза [931501007X],,,,,,
rso_rcsi405751_carbon_stock_t2,запас углерода почвы [rcsi405751 T2],,,,,,
manual_9310100017_t2_pH_water,pH водный [10.1134/S1064229310100017],,,,,,
rcsi356174_t04_1_025_pct,"1,0–0,25 мм (агрегат)",,,,,,
rcsi356174_t04_lt001_total_pct,"<0,01 мм суммарно",,,,,,
rcsi356174_t04_lt0001_pct,"<0,001 мм (агрегат)",,,,,,
rcsi356174_t04_hcl_loss_pct,потери при обработке HCl,,,,,,
rcsi356174_t04_coarse_gt1mm_pct,крупный материал >1 мм,,,,,,
fraction_025_005_9318090132,"0,25–0,05 мм [9318090132]",,,,,,
rcsi356174_t04_025_005_pct,"0,25–0,05 мм (агрегат)",,,,,,
fraction_lt0001_9318090132,"<0,001 мм [9318090132]",,,,,,
rcsi356174_t04_005_001_pct,"0,05–0,01 мм (агрегат)",,,,,,
fraction_1_025_9318090132,"1,00–0,25 мм [9318090132]",,,,,,
fraction_0005_0001_9318090132,"0,005–0,001 мм [9318090132]",,,,,,
fraction_001_0005_9318090132,"0,01–0,005 мм [9318090132]",,,,,,
fraction_lt001_9318090132,"<0,01 мм [9318090132]",,,,,,
fraction_005_001_9318090132,"0,05–0,01 мм [9318090132]",,,,,,
rcsi356174_t04_001_0005_pct,"0,01–0,005 мм (агрегат)",,,,,,
rcsi356174_t04_0005_0001_pct,"0,005–0,001 мм (агрегат)",,,,,,
rcsi356174_p2o5_pct,P₂O₅,,,,,,
rcsi356174_loi_pct,ППП (потери при прокаливании),,,,,,
rcsi356174_sio2_pct,SiO₂,,,,,,
rcsi356174_tio2_pct,TiO₂,,,,,,
rcsi356174_mgo_pct,MgO,,,,,,
rcsi356174_fe2o3_pct,Fe₂O₃,,,,,,
rcsi356174_al2o3_pct,Al₂O₃,,,,,,
rcsi356174_cao_pct,CaO,,,,,,
rcsi356174_k2o_pct,K₂O,,,,,,
rcsi356174_na2o_pct,Na₂O,,,,,,
stability_bound_to_silicates,связано с силикатами (устойчивая форма),,,,,,
soil_aggregate_silt_0_25_mm,"пыль, <0,25 мм",,,,,,
manual_2108004_ph_water,pH водный [2108004],,,,,,
rcsi259375_al2o3_pct,Al₂O₃,,,,,,
manual_2108004_frac_lt_0001,"фракция <0,001 мм [2108004]",,,,,,
manual_2108004_frac_100_025,"фракция 1,00–0,25 мм [2108004]",,,,,,
manual_2108004_frac_025_005,"фракция 0,25–0,05 мм [2108004]",,,,,,
manual_2108004_frac_005_001,"фракция 0,05–0,01 мм [2108004]",,,,,,
manual_2108004_frac_0005_0001,"фракция 0,005–0,001 мм [2108004]",,,,,,
manual_2108004_frac_001_0005,"фракция 0,01–0,005 мм [2108004]",,,,,,
rcsi259375_exchangeable_ca_mmol_100g,обменный Ca,,,,,,
rcsi259375_co2_carbonate_pct,карбонатный CO₂,,,,,,
rcsi259375_exchangeable_mg_mmol_100g,обменный Mg,,,,,,
rcsi259375_ph_h2o,pH водный,,,,,,
rcsi259375_k2o_mg_100g,K₂O подвижный (по Кирсанову),,,,,,
rcsi259375_corg_pct,C орг.,,,,,,
rcsi259375_exchangeable_na_mmol_100g,обменный Na,,,,,,
rcsi259375_fe2o3_pct,Fe₂O₃,,,,,,
rcsi259375_p2o5_mg_100g,P₂O₅ подвижный (по Кирсанову),,,,,,
rcsi259375_exchangeable_k_mmol_100g,обменный K,,,,,,
rcsi259375_exchangeable_bases_mmol_100g,сумма обменных оснований,,,,,,
rcsi306469_cn,C/N [rcsi306469],,,,,,
rcsi306469_ph,pH [rcsi306469],,,,,,
rcsi306469_n,N общий [rcsi306469],,,,,,
soil_gypsum_content,содержание гипса в почве,,,,,,
manual_9310100017_t2_pH_salt,pH солевой [10.1134/S1064229310100017],,,,,,
naexch_9314070102,Na обменный [9314070102],,,,,,
rcsi289041_exchange_bases,сумма обменных оснований,,,,,,
manual_9307010024_cec,ёмкость катионного обмена [10.1134/S1064229307010024],,,,,,
rcsi289041_k2o,K₂O [rcsi289041],,,,,,
rcsi289041_nitrate_n,нитратный азот,,,,,,
rcsi289041_p2o5,P₂O₅ [rcsi289041],,,,,,
rcsi289041_ph_kcl,pH солевой (KCl) [rcsi289041],,,,,,
total_toxic_salts_9314070102,"токсичные соли, сумма [9314070102]",,,,,,
manual_930607012X_t3,"показатель кислотности [10.1134/S106422930607012X, Table 3]",,,,,,
manual_930607012X_t5,"урожайность [10.1134/S106422930607012X, Table 5]",,,,,,
rcsi289041_hydro_acidity,гидролитическая кислотность [rcsi289041],,,,,,
